0,NETBOOK
1,PERMADYNE
2,LINGOAGE
3,MAINELAND
4,BUGSALL
5,INTERLOO
6,EARGO
7,TECHTRIX
8,ZOINAGE
9,ZBOO
10,ZOLARITY
11,BICOL
12,MICROLUXE
13,BOVIS
14,OVERPLEX
15,LOVEPAD
16,SPLINX
17,PARLEYNET
18,ZENTRY
19,MOBILDATA
20,GEOFORM
21,ROCKABYE
22,ENQUILITY
23,MEDIFAX
24,COLAIRE
25,EARTHPLEX
26,BOSTONIC
27,ISOSWITCH
28,KEENGEN
29,PROVIDCO
30,CENTICE
31,ORBIN
32,SENMEI
33,SIGNIDYNE
34,AQUACINE
35,GEEKFARM
36,NETERIA
37,CANDECOR
38,QUINTITY
39,IDEGO
40,BEZAL
41,MEMORA
42,DOGSPA
43,KIOSK
44,IMMUNICS
45,TELPOD
46,COMVEY
47,VORATAK
48,NORALI
49,PHOTOBIN
50,MANTRO
51,PRISMATIC
52,GYNK
53,TETRATREX
54,XURBAN
55,KNOWLYSIS
56,KIGGLE
57,ZOLAVO
58,JAMNATION
59,BRAINCLIP
60,ARTWORLDS
61,XUMONK
62,ZOLAREX
63,GEEKOSIS
64,VOLAX
65,COMVEYER
66,OLYMPIX
67,VALPREAL
68,COMSTAR
69,KOG
70,EXOBLUE
71,CORMORAN
72,COWTOWN
73,ZIPAK
74,TSUNAMIA
75,KATAKANA
76,MACRONAUT
77,VORTEXACO
78,INVENTURE
79,JIMBIES
80,ISOPLEX
81,XSPORTS
82,MINGA
83,GAZAK
84,QOT
85,QUAREX
86,APPLICA
87,MIXERS
88,DREAMIA
89,STEELFAB
90,MARVANE
91,DATAGEN
92,SUNCLIPSE
93,EXOVENT
94,ZILODYNE
95,MANUFACT
96,ASSISTIX
97,REALMO
98,CINASTER
99,STRALUM
